customer_id,churn_probability,risk_category,top_risk_factors
C100008,0.9133,High,277 days since last purchase (increasing churn risk) | orders in the last 90 days: 0 (increasing churn risk) | total historical order count: 0 (increasing churn risk) | customer tenure: 277.00 (decreasing churn risk) | orders in the prior 90-day period: 0 (increasing churn risk)
C100017,0.8089,High,customer tenure: 822.00 (increasing churn risk) | orders in the prior 90-day period: 0 (increasing churn risk) | 30 days since last purchase (decreasing churn risk) | total refund: 31693.05 (increasing churn risk) | change in purchase frequency: +200% (increasing churn risk)
C100019,0.6509,High,customer tenure: 1024.00 (increasing churn risk) | orders in the last 90 days: 1 (increasing churn risk) | orders in the prior 90-day period: 0 (increasing churn risk) | total historical order count: 16 (decreasing churn risk) | 58 days since last purchase (decreasing churn risk)
C100038,0.7277,High,customer tenure: 1047.00 (increasing churn risk) | orders in the last 90 days: 0 (increasing churn risk) | 336 days since last purchase (increasing churn risk) | total historical order count: 15 (decreasing churn risk) | orders in the prior 90-day period: 0 (increasing churn risk)
C100053,0.959,High,742 days since last purchase (increasing churn risk) | customer tenure: 1070.00 (increasing churn risk) | orders in the last 90 days: 0 (increasing churn risk) | orders in the prior 90-day period: 0 (increasing churn risk) | avg order value: 26864.33 (increasing churn risk)
C100058,0.8785,High,414 days since last purchase (increasing churn risk) | orders in the last 90 days: 0 (increasing churn risk) | avg order value: 36708.13 (increasing churn risk) | total historical order count: 2 (increasing churn risk) | orders in the prior 90-day period: 0 (increasing churn risk)
C100060,0.7511,High,customer tenure: 1103.00 (increasing churn risk) | orders in the last 90 days: 0 (increasing churn risk) | 236 days since last purchase (increasing churn risk) | orders in the prior 90-day period: 0 (increasing churn risk) | total historical order count: 13 (decreasing churn risk)
C100061,0.7107,High,orders in the last 90 days: 1 (increasing churn risk) | orders in the prior 90-day period: 0 (increasing churn risk) | 46 days since last purchase (decreasing churn risk) | total historical order count: 16 (decreasing churn risk) | customer tenure: 642.00 (increasing churn risk)
C100072,0.7805,High,orders in the last 90 days: 0 (increasing churn risk) | orders in the prior 90-day period: 0 (increasing churn risk) | total historical order count: 4 (increasing churn risk) | 180 days since last purchase (increasing churn risk) | std order value: 25389.19 (decreasing churn risk)
C100083,0.9191,High,customer tenure: 861.00 (increasing churn risk) | 267 days since last purchase (increasing churn risk) | orders in the last 90 days: 0 (increasing churn risk) | orders in the prior 90-day period: 0 (increasing churn risk) | total historical order count: 7 (increasing churn risk)
C100093,0.6737,High,orders in the last 90 days: 0 (increasing churn risk) | total historical order count: 2 (increasing churn risk) | n support tickets: 4.00 (decreasing churn risk) | customer tenure: 390.00 (decreasing churn risk) | orders in the prior 90-day period: 1 (increasing churn risk)
C100100,0.651,High,orders in the last 90 days: 0 (increasing churn risk) | total qty: 149.00 (decreasing churn risk) | customer tenure: 910.00 (increasing churn risk) | total historical spend: 1314221.64 (decreasing churn risk) | 110 days since last purchase (increasing churn risk)
C100115,0.9505,High,customer tenure: 1220.00 (increasing churn risk) | orders in the last 90 days: 0 (increasing churn risk) | 204 days since last purchase (increasing churn risk) | orders in the prior 90-day period: 0 (increasing churn risk) | average support satisfaction score: 1.00 (increasing churn risk)
C100128,0.9255,High,366 days since last purchase (increasing churn risk) | orders in the last 90 days: 0 (increasing churn risk) | total historical order count: 0 (increasing churn risk) | orders in the prior 90-day period: 0 (increasing churn risk) | avg order value: 0.00 (decreasing churn risk)
C100129,0.6987,High,customer tenure: 196.00 (decreasing churn risk) | orders in the last 90 days: 0 (increasing churn risk) | total historical order count: 0 (increasing churn risk) | orders in the prior 90-day period: 0 (increasing churn risk) | avg order value: 0.00 (decreasing churn risk)
C100139,0.932,High,656 days since last purchase (increasing churn risk) | orders in the last 90 days: 0 (increasing churn risk) | customer tenure: 1175.00 (increasing churn risk) | total historical order count: 18 (decreasing churn risk) | orders in the prior 90-day period: 0 (increasing churn risk)
C100157,0.8889,High,354 days since last purchase (increasing churn risk) | customer tenure: 978.00 (increasing churn risk) | orders in the last 90 days: 0 (increasing churn risk) | orders in the prior 90-day period: 0 (increasing churn risk) | total qty: 81.00 (decreasing churn risk)
C100166,0.8704,High,orders in the last 90 days: 0 (increasing churn risk) | 232 days since last purchase (increasing churn risk) | avg order value: 47618.30 (increasing churn risk) | total refund: 50073.32 (increasing churn risk) | orders in the prior 90-day period: 0 (increasing churn risk)
C100176,0.8697,High,orders in the last 90 days: 0 (increasing churn risk) | customer tenure: 697.00 (increasing churn risk) | total historical order count: 2 (increasing churn risk) | total qty: 5.00 (increasing churn risk) | 138 days since last purchase (decreasing churn risk)
C100178,0.7846,High,orders in the last 90 days: 0 (increasing churn risk) | customer tenure: 749.00 (increasing churn risk) | 168 days since last purchase (increasing churn risk) | total historical order count: 15 (decreasing churn risk) | avg order value: 26212.31 (increasing churn risk)
C100181,0.9587,High,677 days since last purchase (increasing churn risk) | customer tenure: 990.00 (increasing churn risk) | orders in the last 90 days: 0 (increasing churn risk) | total historical order count: 4 (increasing churn risk) | orders in the prior 90-day period: 0 (increasing churn risk)
C100186,0.7681,High,9 days since last purchase (decreasing churn risk) | orders in the last 90 days: 1 (increasing churn risk) | orders in the prior 90-day period: 0 (increasing churn risk) | total historical order count: 4 (increasing churn risk) | customer tenure: 528.00 (increasing churn risk)
C100189,0.9562,High,408 days since last purchase (increasing churn risk) | orders in the last 90 days: 0 (increasing churn risk) | total historical order count: 0 (increasing churn risk) | orders in the prior 90-day period: 0 (increasing churn risk) | total qty: 0.00 (increasing churn risk)
C100206,0.9167,High,438 days since last purchase (increasing churn risk) | customer tenure: 1023.00 (increasing churn risk) | orders in the last 90 days: 0 (increasing churn risk) | orders in the prior 90-day period: 0 (increasing churn risk) | product category diversity: 10 (decreasing churn risk)
C100209,0.9568,High,573 days since last purchase (increasing churn risk) | orders in the last 90 days: 0 (increasing churn risk) | total historical order count: 0 (increasing churn risk) | orders in the prior 90-day period: 0 (increasing churn risk) | avg order value: 0.00 (decreasing churn risk)
C100219,0.8563,High,406 days since last purchase (increasing churn risk) | orders in the last 90 days: 0 (increasing churn risk) | customer tenure: 869.00 (increasing churn risk) | orders in the prior 90-day period: 0 (increasing churn risk) | total historical order count: 12 (decreasing churn risk)
C100221,0.8965,High,customer tenure: 835.00 (increasing churn risk) | orders in the last 90 days: 1 (increasing churn risk) | orders in the prior 90-day period: 0 (increasing churn risk) | 56 days since last purchase (decreasing churn risk) | total historical order count: 5 (increasing churn risk)
C100229,0.9278,High,customer tenure: 697.00 (increasing churn risk) | orders in the last 90 days: 0 (increasing churn risk) | total historical order count: 4 (increasing churn risk) | reliance on discounts: 39.7% (increasing churn risk) | total qty: 11.00 (increasing churn risk)
C100239,0.7899,High,customer tenure: 1180.00 (increasing churn risk) | orders in the last 90 days: 0 (increasing churn risk) | total historical order count: 17 (decreasing churn risk) | orders in the prior 90-day period: 1 (increasing churn risk) | acquisition channel Organic Search: 0.00 (decreasing churn risk)
C100240,0.91,High,customer tenure: 842.00 (increasing churn risk) | orders in the last 90 days: 0 (increasing churn risk) | total refund: 186724.00 (increasing churn risk) | avg order value: 57606.95 (increasing churn risk) | 101 days since last purchase (increasing churn risk)
C100257,0.9233,High,569 days since last purchase (increasing churn risk) | customer tenure: 820.00 (increasing churn risk) | orders in the last 90 days: 0 (increasing churn risk) | reliance on discounts: 31.6% (decreasing churn risk) | orders in the prior 90-day period: 0 (increasing churn risk)
C100260,0.9222,High,430 days since last purchase (increasing churn risk) | orders in the last 90 days: 0 (increasing churn risk) | customer tenure: 786.00 (increasing churn risk) | orders in the prior 90-day period: 0 (increasing churn risk) | total historical order count: 4 (increasing churn risk)
C100299,0.7654,High,customer tenure: 797.00 (increasing churn risk) | orders in the last 90 days: 1 (increasing churn risk) | orders in the prior 90-day period: 0 (increasing churn risk) | total historical order count: 15 (decreasing churn risk) | 70 days since last purchase (decreasing churn risk)
C100321,0.795,High,orders in the last 90 days: 0 (increasing churn risk) | customer tenure: 757.00 (increasing churn risk) | 168 days since last purchase (increasing churn risk) | total historical order count: 19 (decreasing churn risk) | orders in the prior 90-day period: 1 (increasing churn risk)
C100333,0.7279,High,orders in the last 90 days: 0 (increasing churn risk) | total refund: 48066.77 (increasing churn risk) | customer tenure: 319.00 (decreasing churn risk) | 120 days since last purchase (increasing churn risk) | orders in the prior 90-day period: 3 (decreasing churn risk)
C100334,0.7209,High,avg order value: 29269.97 (increasing churn risk) | 33 days since last purchase (decreasing churn risk) | total refund: 32565.07 (increasing churn risk) | total historical order count: 4 (increasing churn risk) | orders in the prior 90-day period: 1 (increasing churn risk)
C100340,0.7882,High,orders in the last 90 days: 0 (increasing churn risk) | customer tenure: 359.00 (decreasing churn risk) | total historical order count: 4 (increasing churn risk) | 150 days since last purchase (increasing churn risk) | total historical spend: 25326.67 (increasing churn risk)
C100347,0.9311,High,customer tenure: 1013.00 (increasing churn risk) | 281 days since last purchase (increasing churn risk) | orders in the last 90 days: 0 (increasing churn risk) | orders in the prior 90-day period: 0 (increasing churn risk) | product category diversity: 10 (decreasing churn risk)
C100369,0.8763,High,orders in the last 90 days: 0 (increasing churn risk) | customer tenure: 669.00 (increasing churn risk) | total historical order count: 4 (increasing churn risk) | 173 days since last purchase (increasing churn risk) | total qty: 13.00 (increasing churn risk)
C100385,0.6926,High,orders in the last 90 days: 0 (increasing churn risk) | orders in the prior 90-day period: 0 (increasing churn risk) | 182 days since last purchase (increasing churn risk) | product category diversity: 10 (decreasing churn risk) | total historical order count: 8 (increasing churn risk)
C100392,0.9228,High,365 days since last purchase (increasing churn risk) | orders in the last 90 days: 0 (increasing churn risk) | customer tenure: 881.00 (increasing churn risk) | orders in the prior 90-day period: 0 (increasing churn risk) | n support tickets: 5.00 (increasing churn risk)
C100400,0.6163,High,orders in the last 90 days: 0 (increasing churn risk) | orders in the prior 90-day period: 0 (increasing churn risk) | reliance on discounts: 16.4% (decreasing churn risk) | customer tenure: 703.00 (increasing churn risk) | 220 days since last purchase (increasing churn risk)
C100420,0.7366,High,orders in the last 90 days: 0 (increasing churn risk) | 317 days since last purchase (increasing churn risk) | customer tenure: 751.00 (increasing churn risk) | total historical order count: 19 (decreasing churn risk) | orders in the prior 90-day period: 0 (increasing churn risk)
C100429,0.9842,High,789 days since last purchase (increasing churn risk) | customer tenure: 789.00 (increasing churn risk) | orders in the last 90 days: 0 (increasing churn risk) | total historical order count: 0 (increasing churn risk) | orders in the prior 90-day period: 0 (increasing churn risk)
C100433,0.869,High,417 days since last purchase (increasing churn risk) | orders in the last 90 days: 0 (increasing churn risk) | std order value: 46054.85 (increasing churn risk) | orders in the prior 90-day period: 0 (increasing churn risk) | avg order value: 30438.93 (increasing churn risk)
C100437,0.9448,High,customer tenure: 714.00 (increasing churn risk) | orders in the last 90 days: 0 (increasing churn risk) | 221 days since last purchase (increasing churn risk) | avg order value: 34980.17 (increasing churn risk) | total historical order count: 2 (increasing churn risk)
C100440,0.9022,High,378 days since last purchase (increasing churn risk) | orders in the last 90 days: 0 (increasing churn risk) | total historical order count: 1 (increasing churn risk) | avg order value: 2918.78 (decreasing churn risk) | orders in the prior 90-day period: 0 (increasing churn risk)
C100445,0.8945,High,customer tenure: 791.00 (increasing churn risk) | orders in the last 90 days: 0 (increasing churn risk) | 140 days since last purchase (increasing churn risk) | total historical order count: 12 (decreasing churn risk) | reliance on discounts: 35.6% (increasing churn risk)
C100449,0.9948,High,962 days since last purchase (increasing churn risk) | customer tenure: 1195.00 (increasing churn risk) | orders in the last 90 days: 0 (increasing churn risk) | orders in the prior 90-day period: 0 (increasing churn risk) | total historical order count: 2 (increasing churn risk)
C100452,0.8418,High,244 days since last purchase (increasing churn risk) | orders in the last 90 days: 0 (increasing churn risk) | customer tenure: 338.00 (decreasing churn risk) | orders in the prior 90-day period: 0 (increasing churn risk) | total historical spend: 36065.72 (increasing churn risk)
C100455,0.9565,High,611 days since last purchase (increasing churn risk) | customer tenure: 831.00 (increasing churn risk) | orders in the last 90 days: 0 (increasing churn risk) | total historical order count: 4 (increasing churn risk) | orders in the prior 90-day period: 0 (increasing churn risk)
C100459,0.6803,High,customer tenure: 1217.00 (increasing churn risk) | total historical order count: 48 (decreasing churn risk) | orders in the last 90 days: 3 (decreasing churn risk) | total historical spend: 1033370.06 (decreasing churn risk) | total refund: 36818.00 (increasing churn risk)
C100463,0.6964,High,orders in the last 90 days: 0 (increasing churn risk) | customer tenure: 322.00 (decreasing churn risk) | total historical order count: 4 (increasing churn risk) | 120 days since last purchase (increasing churn risk) | total historical spend: 39235.52 (increasing churn risk)
C100465,0.6216,High,orders in the last 90 days: 0 (increasing churn risk) | 252 days since last purchase (increasing churn risk) | customer tenure: 411.00 (decreasing churn risk) | average support satisfaction score: 5.00 (decreasing churn risk) | orders in the prior 90-day period: 0 (increasing churn risk)
C100480,0.7446,High,orders in the last 90 days: 1 (increasing churn risk) | 2 days since last purchase (decreasing churn risk) | orders in the prior 90-day period: 0 (increasing churn risk) | total qty: 10.00 (increasing churn risk) | total historical order count: 5 (increasing churn risk)
C100493,0.7158,High,orders in the last 90 days: 0 (increasing churn risk) | std order value: 28528.70 (decreasing churn risk) | total historical order count: 2 (increasing churn risk) | 148 days since last purchase (increasing churn risk) | customer tenure: 385.00 (decreasing churn risk)
C100499,0.9587,High,customer tenure: 856.00 (increasing churn risk) | orders in the last 90 days: 0 (increasing churn risk) | total historical order count: 1 (increasing churn risk) | 325 days since last purchase (increasing churn risk) | orders in the prior 90-day period: 0 (increasing churn risk)
C100505,0.9676,High,436 days since last purchase (increasing churn risk) | customer tenure: 781.00 (increasing churn risk) | orders in the last 90 days: 0 (increasing churn risk) | total historical order count: 1 (increasing churn risk) | orders in the prior 90-day period: 0 (increasing churn risk)
C100506,0.979,High,customer tenure: 1220.00 (increasing churn risk) | 404 days since last purchase (increasing churn risk) | orders in the last 90 days: 0 (increasing churn risk) | orders in the prior 90-day period: 0 (increasing churn risk) | total historical order count: 3 (increasing churn risk)
C100516,0.7953,High,customer tenure: 121.00 (decreasing churn risk) | orders in the last 90 days: 0 (increasing churn risk) | total historical order count: 0 (increasing churn risk) | orders in the prior 90-day period: 0 (increasing churn risk) | overall engagement score: 10.00 (increasing churn risk)
C100526,0.9362,High,std order value: 47623.52 (increasing churn risk) | customer tenure: 941.00 (increasing churn risk) | orders in the last 90 days: 0 (increasing churn risk) | total historical order count: 18 (decreasing churn risk) | 101 days since last purchase (increasing churn risk)
C100530,0.7967,High,orders in the last 90 days: 0 (increasing churn risk) | total historical order count: 4 (increasing churn risk) | avg order value: 5362.83 (decreasing churn risk) | average support satisfaction score: 5.00 (decreasing churn risk) | customer tenure: 884.00 (increasing churn risk)
C100535,0.9132,High,455 days since last purchase (increasing churn risk) | customer tenure: 1179.00 (increasing churn risk) | orders in the last 90 days: 0 (increasing churn risk) | avg order value: 4371.34 (decreasing churn risk) | orders in the prior 90-day period: 0 (increasing churn risk)
C100541,0.9733,High,514 days since last purchase (increasing churn risk) | customer tenure: 1086.00 (increasing churn risk) | orders in the last 90 days: 0 (increasing churn risk) | orders in the prior 90-day period: 0 (increasing churn risk) | total historical order count: 8 (increasing churn risk)
C100560,0.9595,High,customer tenure: 926.00 (increasing churn risk) | orders in the last 90 days: 0 (increasing churn risk) | total historical order count: 4 (increasing churn risk) | 178 days since last purchase (increasing churn risk) | reliance on discounts: 38.2% (increasing churn risk)
C100563,0.9761,High,customer tenure: 1221.00 (increasing churn risk) | 312 days since last purchase (increasing churn risk) | orders in the last 90 days: 0 (increasing churn risk) | orders in the prior 90-day period: 0 (increasing churn risk) | total historical order count: 5 (increasing churn risk)
C100574,0.79,High,247 days since last purchase (increasing churn risk) | orders in the last 90 days: 0 (increasing churn risk) | customer tenure: 441.00 (decreasing churn risk) | orders in the prior 90-day period: 0 (increasing churn risk) | total historical spend: 63855.36 (increasing churn risk)
C100577,0.7296,High,customer tenure: 921.00 (increasing churn risk) | avg order value: 4357.25 (decreasing churn risk) | orders in the last 90 days: 0 (increasing churn risk) | orders in the prior 90-day period: 1 (increasing churn risk) | overall engagement score: 48.62 (decreasing churn risk)
C100580,0.7759,High,orders in the last 90 days: 1 (increasing churn risk) | orders in the prior 90-day period: 0 (increasing churn risk) | 71 days since last purchase (decreasing churn risk) | total historical spend: 43608.34 (increasing churn risk) | total historical order count: 6 (increasing churn risk)
C100603,0.6365,High,customer tenure: 188.00 (decreasing churn risk) | orders in the last 90 days: 0 (increasing churn risk) | total historical order count: 2 (increasing churn risk) | total historical spend: 23164.61 (increasing churn risk) | product category diversity: 2 (increasing churn risk)
C100631,0.8995,High,456 days since last purchase (increasing churn risk) | orders in the last 90 days: 0 (increasing churn risk) | customer tenure: 1140.00 (increasing churn risk) | orders in the prior 90-day period: 0 (increasing churn risk) | total historical order count: 14 (decreasing churn risk)
C100633,0.9548,High,customer tenure: 967.00 (increasing churn risk) | orders in the last 90 days: 0 (increasing churn risk) | 267 days since last purchase (increasing churn risk) | total historical order count: 4 (increasing churn risk) | orders in the prior 90-day period: 0 (increasing churn risk)
C100660,0.9678,High,490 days since last purchase (increasing churn risk) | customer tenure: 833.00 (increasing churn risk) | orders in the last 90 days: 0 (increasing churn risk) | total historical order count: 3 (increasing churn risk) | avg order value: 3227.17 (decreasing churn risk)
C100663,0.7468,High,orders in the last 90 days: 1 (increasing churn risk) | customer tenure: 272.00 (decreasing churn risk) | total historical order count: 3 (increasing churn risk) | orders in the prior 90-day period: 0 (increasing churn risk) | reliance on discounts: 16.7% (decreasing churn risk)
C100679,0.9722,High,611 days since last purchase (increasing churn risk) | orders in the last 90 days: 0 (increasing churn risk) | customer tenure: 862.00 (increasing churn risk) | avg order value: 35966.79 (increasing churn risk) | total historical order count: 2 (increasing churn risk)
C100689,0.6689,High,avg order value: 4295.20 (decreasing churn risk) | orders in the last 90 days: 1 (increasing churn risk) | orders in the prior 90-day period: 0 (increasing churn risk) | average support satisfaction score: 1.00 (increasing churn risk) | total historical order count: 9 (decreasing churn risk)
C100703,0.6455,High,orders in the last 90 days: 0 (increasing churn risk) | total historical order count: 4 (increasing churn risk) | region North: 0.00 (decreasing churn risk) | total qty: 14.00 (increasing churn risk) | age: 35.00 (decreasing churn risk)
C100723,0.8866,High,384 days since last purchase (increasing churn risk) | orders in the last 90 days: 0 (increasing churn risk) | customer tenure: 910.00 (increasing churn risk) | orders in the prior 90-day period: 0 (increasing churn risk) | reliance on discounts: 16.6% (decreasing churn risk)
C100732,0.9273,High,863 days since last purchase (increasing churn risk) | orders in the last 90 days: 0 (increasing churn risk) | total historical order count: 2 (increasing churn risk) | avg order value: 1016.08 (decreasing churn risk) | customer tenure: 1165.00 (increasing churn risk)
C100742,0.9555,High,508 days since last purchase (increasing churn risk) | orders in the last 90 days: 0 (increasing churn risk) | customer tenure: 649.00 (increasing churn risk) | total historical order count: 2 (increasing churn risk) | orders in the prior 90-day period: 0 (increasing churn risk)
C100752,0.8597,High,customer tenure: 854.00 (increasing churn risk) | orders in the last 90 days: 0 (increasing churn risk) | orders in the prior 90-day period: 0 (increasing churn risk) | total historical order count: 10 (decreasing churn risk) | 200 days since last purchase (increasing churn risk)
C100753,0.987,High,578 days since last purchase (increasing churn risk) | customer tenure: 1082.00 (increasing churn risk) | orders in the last 90 days: 0 (increasing churn risk) | reliance on discounts: 50.0% (increasing churn risk) | orders in the prior 90-day period: 0 (increasing churn risk)
C100775,0.9583,High,customer tenure: 915.00 (increasing churn risk) | 274 days since last purchase (increasing churn risk) | orders in the last 90 days: 0 (increasing churn risk) | total historical order count: 4 (increasing churn risk) | orders in the prior 90-day period: 0 (increasing churn risk)
C100779,0.706,High,orders in the last 90 days: 0 (increasing churn risk) | customer tenure: 348.00 (decreasing churn risk) | 207 days since last purchase (increasing churn risk) | orders in the prior 90-day period: 0 (increasing churn risk) | total historical spend: 73187.98 (increasing churn risk)
C100788,0.8443,High,orders in the prior 90-day period: 0 (increasing churn risk) | average support satisfaction score: 1.00 (increasing churn risk) | total historical order count: 5 (increasing churn risk) | customer tenure: 590.00 (increasing churn risk) | total qty: 14.00 (increasing churn risk)
C100793,0.7693,High,customer tenure: 1033.00 (increasing churn risk) | orders in the last 90 days: 0 (increasing churn risk) | 251 days since last purchase (increasing churn risk) | total historical order count: 14 (decreasing churn risk) | orders in the prior 90-day period: 0 (increasing churn risk)
C100850,0.9567,High,729 days since last purchase (increasing churn risk) | overall engagement score: 0.24 (decreasing churn risk) | customer tenure: 845.00 (increasing churn risk) | reliance on discounts: 49.7% (increasing churn risk) | total historical order count: 1 (increasing churn risk)
C100873,0.8188,High,customer tenure: 819.00 (increasing churn risk) | orders in the last 90 days: 0 (increasing churn risk) | orders in the prior 90-day period: 0 (increasing churn risk) | total historical order count: 14 (decreasing churn risk) | 219 days since last purchase (increasing churn risk)
C100887,0.8919,High,orders in the last 90 days: 0 (increasing churn risk) | 247 days since last purchase (increasing churn risk) | total historical order count: 4 (increasing churn risk) | avg order value: 4899.77 (decreasing churn risk) | orders in the prior 90-day period: 0 (increasing churn risk)
C100905,0.8296,High,orders in the last 90 days: 0 (increasing churn risk) | 206 days since last purchase (increasing churn risk) | total historical order count: 4 (increasing churn risk) | orders in the prior 90-day period: 0 (increasing churn risk) | total qty: 13.00 (increasing churn risk)
C100911,0.8805,High,495 days since last purchase (increasing churn risk) | orders in the last 90 days: 0 (increasing churn risk) | orders in the prior 90-day period: 0 (increasing churn risk) | customer tenure: 1162.00 (increasing churn risk) | total historical order count: 20 (decreasing churn risk)
C100912,0.7516,High,std order value: 48179.63 (increasing churn risk) | orders in the last 90 days: 1 (increasing churn risk) | orders in the prior 90-day period: 0 (increasing churn risk) | customer tenure: 651.00 (increasing churn risk) | total qty: 88.00 (decreasing churn risk)
C100929,0.7298,High,customer tenure: 900.00 (increasing churn risk) | orders in the last 90 days: 0 (increasing churn risk) | 172 days since last purchase (increasing churn risk) | total historical order count: 12 (decreasing churn risk) | reliance on discounts: 34.0% (decreasing churn risk)
C100941,0.8742,High,orders in the last 90 days: 0 (increasing churn risk) | 188 days since last purchase (increasing churn risk) | orders in the prior 90-day period: 0 (increasing churn risk) | avg order value: 72935.36 (increasing churn risk) | total historical order count: 3 (increasing churn risk)
C100978,0.9437,High,411 days since last purchase (increasing churn risk) | customer tenure: 913.00 (increasing churn risk) | orders in the last 90 days: 0 (increasing churn risk) | orders in the prior 90-day period: 0 (increasing churn risk) | total historical order count: 4 (increasing churn risk)
C101008,0.9831,High,667 days since last purchase (increasing churn risk) | customer tenure: 1222.00 (increasing churn risk) | orders in the last 90 days: 0 (increasing churn risk) | orders in the prior 90-day period: 0 (increasing churn risk) | total historical order count: 3 (increasing churn risk)
C101023,0.6084,High,orders in the last 90 days: 1 (increasing churn risk) | 13 days since last purchase (decreasing churn risk) | customer tenure: 719.00 (increasing churn risk) | total historical order count: 14 (decreasing churn risk) | orders in the prior 90-day period: 1 (increasing churn risk)
C101047,0.9533,High,customer tenure: 1017.00 (increasing churn risk) | orders in the last 90 days: 0 (increasing churn risk) | 204 days since last purchase (increasing churn risk) | total historical order count: 4 (increasing churn risk) | orders in the prior 90-day period: 0 (increasing churn risk)
C101050,0.7498,High,orders in the last 90 days: 0 (increasing churn risk) | customer tenure: 1166.00 (increasing churn risk) | product category diversity: 10 (decreasing churn risk) | avg order value: 14288.23 (decreasing churn risk) | total historical order count: 7 (increasing churn risk)
C101056,0.8998,High,450 days since last purchase (increasing churn risk) | customer tenure: 972.00 (increasing churn risk) | orders in the last 90 days: 0 (increasing churn risk) | orders in the prior 90-day period: 0 (increasing churn risk) | total historical order count: 20 (decreasing churn risk)
C101059,0.7504,High,orders in the last 90 days: 0 (increasing churn risk) | customer tenure: 257.00 (decreasing churn risk) | 211 days since last purchase (increasing churn risk) | avg order value: 61224.57 (increasing churn risk) | orders in the prior 90-day period: 0 (increasing churn risk)
C101072,0.8437,High,orders in the last 90 days: 0 (increasing churn risk) | 299 days since last purchase (increasing churn risk) | total historical order count: 4 (increasing churn risk) | orders in the prior 90-day period: 0 (increasing churn risk) | total qty: 12.00 (increasing churn risk)
C101077,0.9661,High,607 days since last purchase (increasing churn risk) | orders in the last 90 days: 0 (increasing churn risk) | total historical order count: 0 (increasing churn risk) | overall engagement score: 10.00 (increasing churn risk) | orders in the prior 90-day period: 0 (increasing churn risk)
C101081,0.7069,High,orders in the last 90 days: 0 (increasing churn risk) | 94 days since last purchase (increasing churn risk) | orders in the prior 90-day period: 3 (decreasing churn risk) | avg order value: 20461.03 (increasing churn risk) | total refund: 77006.91 (increasing churn risk)
C101088,0.6706,High,customer tenure: 1052.00 (increasing churn risk) | orders in the last 90 days: 1 (increasing churn risk) | 32 days since last purchase (decreasing churn risk) | total historical order count: 14 (decreasing churn risk) | avg order value: 25386.53 (increasing churn risk)
C101089,0.8805,High,customer tenure: 847.00 (increasing churn risk) | orders in the last 90 days: 1 (increasing churn risk) | 26 days since last purchase (decreasing churn risk) | total historical order count: 4 (increasing churn risk) | orders in the prior 90-day period: 0 (increasing churn risk)
C101090,0.8893,High,customer tenure: 824.00 (increasing churn risk) | orders in the last 90 days: 0 (increasing churn risk) | total historical order count: 5 (increasing churn risk) | 169 days since last purchase (increasing churn risk) | avg order value: 13079.34 (increasing churn risk)
C101098,0.6961,High,orders in the last 90 days: 1 (increasing churn risk) | 74 days since last purchase (decreasing churn risk) | total qty: 10.00 (increasing churn risk) | region North: 0.00 (decreasing churn risk) | total historical spend: 51397.15 (increasing churn risk)
C101105,0.6223,High,customer tenure: 1049.00 (increasing churn risk) | orders in the prior 90-day period: 0 (increasing churn risk) | 11 days since last purchase (decreasing churn risk) | total historical order count: 13 (decreasing churn risk) | average support satisfaction score: 1.00 (increasing churn risk)
C101114,0.8121,High,orders in the last 90 days: 0 (increasing churn risk) | customer tenure: 271.00 (decreasing churn risk) | 222 days since last purchase (increasing churn risk) | orders in the prior 90-day period: 0 (increasing churn risk) | total historical order count: 2 (increasing churn risk)
C101136,0.7811,High,customer tenure: 1084.00 (increasing churn risk) | orders in the last 90 days: 0 (increasing churn risk) | total historical order count: 17 (decreasing churn risk) | total qty: 78.00 (decreasing churn risk) | orders in the prior 90-day period: 1 (increasing churn risk)
C101137,0.7373,High,customer tenure: 249.00 (decreasing churn risk) | orders in the last 90 days: 0 (increasing churn risk) | 239 days since last purchase (increasing churn risk) | total historical order count: 1 (increasing churn risk) | avg order value: 5491.92 (decreasing churn risk)
C101145,0.9542,High,437 days since last purchase (increasing churn risk) | customer tenure: 1071.00 (increasing churn risk) | orders in the last 90 days: 0 (increasing churn risk) | avg order value: 29448.77 (increasing churn risk) | orders in the prior 90-day period: 0 (increasing churn risk)
C101155,0.9671,High,750 days since last purchase (increasing churn risk) | orders in the last 90 days: 0 (increasing churn risk) | customer tenure: 996.00 (increasing churn risk) | orders in the prior 90-day period: 0 (increasing churn risk) | total historical order count: 3 (increasing churn risk)
C101161,0.9832,High,451 days since last purchase (increasing churn risk) | customer tenure: 911.00 (increasing churn risk) | orders in the last 90 days: 0 (increasing churn risk) | orders in the prior 90-day period: 0 (increasing churn risk) | total historical order count: 4 (increasing churn risk)
C101173,0.9793,High,775 days since last purchase (increasing churn risk) | orders in the last 90 days: 0 (increasing churn risk) | customer tenure: 907.00 (increasing churn risk) | total historical order count: 1 (increasing churn risk) | orders in the prior 90-day period: 0 (increasing churn risk)
C101186,0.9354,High,410 days since last purchase (increasing churn risk) | customer tenure: 864.00 (increasing churn risk) | orders in the last 90 days: 0 (increasing churn risk) | orders in the prior 90-day period: 0 (increasing churn risk) | total historical order count: 5 (increasing churn risk)
C101236,0.7727,High,orders in the last 90 days: 0 (increasing churn risk) | total qty: 95.00 (decreasing churn risk) | customer tenure: 750.00 (increasing churn risk) | 190 days since last purchase (increasing churn risk) | orders in the prior 90-day period: 0 (increasing churn risk)
C101242,0.7332,High,10 days since last purchase (decreasing churn risk) | orders in the last 90 days: 1 (increasing churn risk) | total historical order count: 3 (increasing churn risk) | orders in the prior 90-day period: 0 (increasing churn risk) | total qty: 4.00 (increasing churn risk)
C101254,0.7105,High,orders in the last 90 days: 0 (increasing churn risk) | total historical order count: 3 (increasing churn risk) | orders in the prior 90-day period: 1 (increasing churn risk) | region North: 0.00 (decreasing churn risk) | 105 days since last purchase (increasing churn risk)
C101262,0.8531,High,customer tenure: 857.00 (increasing churn risk) | orders in the last 90 days: 0 (increasing churn risk) | 109 days since last purchase (increasing churn risk) | total historical order count: 7 (increasing churn risk) | orders in the prior 90-day period: 1 (increasing churn risk)
C101272,0.9578,High,293 days since last purchase (increasing churn risk) | orders in the last 90 days: 0 (increasing churn risk) | customer tenure: 715.00 (increasing churn risk) | reliance on discounts: 37.2% (increasing churn risk) | orders in the prior 90-day period: 0 (increasing churn risk)
C101277,0.8613,High,customer tenure: 1031.00 (increasing churn risk) | orders in the last 90 days: 0 (increasing churn risk) | 234 days since last purchase (increasing churn risk) | orders in the prior 90-day period: 0 (increasing churn risk) | total historical order count: 13 (decreasing churn risk)
C101285,0.85,High,customer tenure: 816.00 (increasing churn risk) | orders in the last 90 days: 0 (increasing churn risk) | total historical order count: 5 (increasing churn risk) | 134 days since last purchase (decreasing churn risk) | orders in the prior 90-day period: 1 (increasing churn risk)
C101342,0.9243,High,customer tenure: 709.00 (increasing churn risk) | orders in the last 90 days: 0 (increasing churn risk) | total historical order count: 4 (increasing churn risk) | orders in the prior 90-day period: 0 (increasing churn risk) | 187 days since last purchase (increasing churn risk)
C101346,0.9662,High,629 days since last purchase (increasing churn risk) | orders in the last 90 days: 0 (increasing churn risk) | total historical order count: 0 (increasing churn risk) | orders in the prior 90-day period: 0 (increasing churn risk) | avg order value: 0.00 (decreasing churn risk)
C101380,0.9829,High,865 days since last purchase (increasing churn risk) | orders in the last 90 days: 0 (increasing churn risk) | customer tenure: 865.00 (increasing churn risk) | total historical order count: 0 (increasing churn risk) | orders in the prior 90-day period: 0 (increasing churn risk)
C101385,0.9316,High,394 days since last purchase (increasing churn risk) | customer tenure: 966.00 (increasing churn risk) | orders in the last 90 days: 0 (increasing churn risk) | orders in the prior 90-day period: 0 (increasing churn risk) | avg order value: 23924.42 (increasing churn risk)
C101388,0.7762,High,avg order value: 30758.05 (increasing churn risk) | 26 days since last purchase (decreasing churn risk) | std order value: 45271.09 (increasing churn risk) | customer tenure: 524.00 (increasing churn risk) | total historical order count: 6 (increasing churn risk)
C101394,0.8962,High,268 days since last purchase (increasing churn risk) | orders in the last 90 days: 0 (increasing churn risk) | total historical order count: 0 (increasing churn risk) | customer tenure: 268.00 (decreasing churn risk) | orders in the prior 90-day period: 0 (increasing churn risk)
C101402,0.7826,High,total refund: 131244.54 (increasing churn risk) | orders in the last 90 days: 1 (increasing churn risk) | 34 days since last purchase (decreasing churn risk) | product return rate: 22.7% (increasing churn risk) | customer tenure: 558.00 (increasing churn risk)
C101413,0.8629,High,442 days since last purchase (increasing churn risk) | orders in the last 90 days: 0 (increasing churn risk) | total historical order count: 0 (increasing churn risk) | customer tenure: 442.00 (decreasing churn risk) | avg order value: 0.00 (decreasing churn risk)
C101443,0.6417,High,avg order value: 32876.15 (increasing churn risk) | orders in the last 90 days: 1 (increasing churn risk) | customer tenure: 243.00 (decreasing churn risk) | orders in the prior 90-day period: 4 (decreasing churn risk) | total refund: 14605.17 (increasing churn risk)
C101445,0.6384,High,orders in the prior 90-day period: 0 (increasing churn risk) | avg order value: 34011.95 (increasing churn risk) | orders in the last 90 days: 3 (decreasing churn risk) | customer tenure: 246.00 (decreasing churn risk) | 50 days since last purchase (decreasing churn risk)
C101454,0.798,High,orders in the last 90 days: 0 (increasing churn risk) | total historical order count: 3 (increasing churn risk) | avg order value: 6258.15 (decreasing churn risk) | 99 days since last purchase (increasing churn risk) | product category diversity: 5 (increasing churn risk)
C101456,0.9764,High,578 days since last purchase (increasing churn risk) | customer tenure: 834.00 (increasing churn risk) | orders in the last 90 days: 0 (increasing churn risk) | reliance on discounts: 37.0% (increasing churn risk) | orders in the prior 90-day period: 0 (increasing churn risk)
C101473,0.7591,High,orders in the last 90 days: 0 (increasing churn risk) | customer tenure: 794.00 (increasing churn risk) | total historical order count: 2 (increasing churn risk) | 341 days since last purchase (increasing churn risk) | avg order value: 3534.22 (decreasing churn risk)
C101476,0.9543,High,customer tenure: 1054.00 (increasing churn risk) | 272 days since last purchase (increasing churn risk) | orders in the last 90 days: 0 (increasing churn risk) | orders in the prior 90-day period: 0 (increasing churn risk) | total historical order count: 5 (increasing churn risk)
C101478,0.6335,High,customer tenure: 925.00 (increasing churn risk) | orders in the prior 90-day period: 0 (increasing churn risk) | 1 days since last purchase (decreasing churn risk) | total historical order count: 18 (decreasing churn risk) | overall engagement score: 52.84 (decreasing churn risk)
C101481,0.7064,High,customer tenure: 231.00 (decreasing churn risk) | 15 days since last purchase (decreasing churn risk) | total historical spend: 26411.49 (increasing churn risk) | total historical order count: 3 (increasing churn risk) | total qty: 12.00 (increasing churn risk)
C101485,0.6369,High,orders in the last 90 days: 0 (increasing churn risk) | customer tenure: 725.00 (increasing churn risk) | total historical order count: 13 (decreasing churn risk) | avg order value: 6884.87 (decreasing churn risk) | total historical spend: 89503.37 (increasing churn risk)
C101491,0.9515,High,customer tenure: 1029.00 (increasing churn risk) | orders in the last 90 days: 0 (increasing churn risk) | total historical order count: 4 (increasing churn risk) | 120 days since last purchase (increasing churn risk) | age: 26.00 (increasing churn risk)
C101492,0.8182,High,customer tenure: 1193.00 (increasing churn risk) | orders in the prior 90-day period: 0 (increasing churn risk) | 29 days since last purchase (decreasing churn risk) | reliance on discounts: 16.3% (decreasing churn risk) | overall engagement score: 42.34 (increasing churn risk)
C101495,0.9376,High,430 days since last purchase (increasing churn risk) | orders in the last 90 days: 0 (increasing churn risk) | total historical order count: 0 (increasing churn risk) | orders in the prior 90-day period: 0 (increasing churn risk) | total qty: 0.00 (increasing churn risk)
C101498,0.8828,High,customer tenure: 854.00 (increasing churn risk) | orders in the last 90 days: 0 (increasing churn risk) | total historical order count: 4 (increasing churn risk) | product category diversity: 10 (decreasing churn risk) | total historical spend: 26991.36 (increasing churn risk)
C101503,0.9355,High,customer tenure: 1049.00 (increasing churn risk) | orders in the last 90 days: 0 (increasing churn risk) | 300 days since last purchase (increasing churn risk) | orders in the prior 90-day period: 0 (increasing churn risk) | total historical order count: 6 (increasing churn risk)
C101511,0.7417,High,total historical order count: 3 (increasing churn risk) | orders in the prior 90-day period: 0 (increasing churn risk) | avg order value: 4917.99 (decreasing churn risk) | 73 days since last purchase (decreasing churn risk) | total qty: 6.00 (increasing churn risk)
C101524,0.9619,High,712 days since last purchase (increasing churn risk) | customer tenure: 847.00 (increasing churn risk) | orders in the last 90 days: 0 (increasing churn risk) | total historical order count: 3 (increasing churn risk) | orders in the prior 90-day period: 0 (increasing churn risk)
C101556,0.6413,High,customer tenure: 61.00 (decreasing churn risk) | orders in the last 90 days: 0 (increasing churn risk) | 61 days since last purchase (decreasing churn risk) | orders in the prior 90-day period: 0 (increasing churn risk) | overall engagement score: 10.00 (increasing churn risk)
C101577,0.9633,High,650 days since last purchase (increasing churn risk) | customer tenure: 1029.00 (increasing churn risk) | orders in the last 90 days: 0 (increasing churn risk) | orders in the prior 90-day period: 0 (increasing churn risk) | avg order value: 28338.66 (increasing churn risk)
C101587,0.9335,High,228 days since last purchase (increasing churn risk) | orders in the last 90 days: 0 (increasing churn risk) | customer tenure: 665.00 (increasing churn risk) | orders in the prior 90-day period: 0 (increasing churn risk) | total historical order count: 5 (increasing churn risk)
C101589,0.7478,High,customer tenure: 230.00 (decreasing churn risk) | orders in the last 90 days: 0 (increasing churn risk) | 230 days since last purchase (increasing churn risk) | total historical order count: 0 (increasing churn risk) | orders in the prior 90-day period: 0 (increasing churn risk)
C101609,0.9561,High,customer tenure: 1107.00 (increasing churn risk) | 423 days since last purchase (increasing churn risk) | orders in the last 90 days: 0 (increasing churn risk) | total historical order count: 3 (increasing churn risk) | avg order value: 3644.27 (decreasing churn risk)
C101611,0.884,High,orders in the last 90 days: 0 (increasing churn risk) | avg order value: 30121.87 (increasing churn risk) | customer tenure: 719.00 (increasing churn risk) | 151 days since last purchase (increasing churn risk) | n support tickets: 5.00 (increasing churn risk)
C101615,0.9566,High,578 days since last purchase (increasing churn risk) | orders in the last 90 days: 0 (increasing churn risk) | customer tenure: 895.00 (increasing churn risk) | orders in the prior 90-day period: 0 (increasing churn risk) | product category diversity: 5 (increasing churn risk)
C101619,0.9314,High,541 days since last purchase (increasing churn risk) | orders in the last 90 days: 0 (increasing churn risk) | total historical order count: 4 (increasing churn risk) | orders in the prior 90-day period: 0 (increasing churn risk) | overall engagement score: 6.49 (increasing churn risk)
C101620,0.7325,High,orders in the prior 90-day period: 0 (increasing churn risk) | customer tenure: 534.00 (increasing churn risk) | product category diversity: 10 (decreasing churn risk) | total historical order count: 8 (increasing churn risk) | change in purchase frequency: +200% (increasing churn risk)
C101635,0.9759,High,787 days since last purchase (increasing churn risk) | customer tenure: 1116.00 (increasing churn risk) | orders in the last 90 days: 0 (increasing churn risk) | total historical order count: 3 (increasing churn risk) | average support satisfaction score: 5.00 (decreasing churn risk)
C101640,0.7097,High,product return rate: 100.0% (decreasing churn risk) | orders in the last 90 days: 0 (increasing churn risk) | total historical order count: 1 (increasing churn risk) | customer tenure: 1170.00 (increasing churn risk) | orders in the prior 90-day period: 0 (increasing churn risk)
C101643,0.8345,High,538 days since last purchase (increasing churn risk) | orders in the last 90 days: 0 (increasing churn risk) | customer tenure: 714.00 (increasing churn risk) | total historical order count: 2 (increasing churn risk) | orders in the prior 90-day period: 0 (increasing churn risk)
C101676,0.9798,High,749 days since last purchase (increasing churn risk) | customer tenure: 749.00 (increasing churn risk) | orders in the last 90 days: 0 (increasing churn risk) | total historical order count: 0 (increasing churn risk) | orders in the prior 90-day period: 0 (increasing churn risk)
C101681,0.9857,High,1163 days since last purchase (increasing churn risk) | customer tenure: 1163.00 (increasing churn risk) | orders in the last 90 days: 0 (increasing churn risk) | total historical order count: 0 (increasing churn risk) | orders in the prior 90-day period: 0 (increasing churn risk)
C101696,0.9317,High,551 days since last purchase (increasing churn risk) | customer tenure: 1024.00 (increasing churn risk) | orders in the last 90 days: 0 (increasing churn risk) | orders in the prior 90-day period: 0 (increasing churn risk) | total historical order count: 10 (decreasing churn risk)
C101697,0.9802,High,731 days since last purchase (increasing churn risk) | orders in the last 90 days: 0 (increasing churn risk) | customer tenure: 731.00 (increasing churn risk) | total historical order count: 0 (increasing churn risk) | orders in the prior 90-day period: 0 (increasing churn risk)
C101713,0.7129,High,customer tenure: 954.00 (increasing churn risk) | orders in the last 90 days: 1 (increasing churn risk) | 67 days since last purchase (decreasing churn risk) | reliance on discounts: 16.2% (decreasing churn risk) | orders in the prior 90-day period: 1 (increasing churn risk)
C101731,0.9632,High,621 days since last purchase (increasing churn risk) | customer tenure: 950.00 (increasing churn risk) | orders in the last 90 days: 0 (increasing churn risk) | total historical order count: 2 (increasing churn risk) | avg order value: 3490.67 (decreasing churn risk)
C101743,0.9521,High,817 days since last purchase (increasing churn risk) | orders in the last 90 days: 0 (increasing churn risk) | customer tenure: 960.00 (increasing churn risk) | reliance on discounts: 32.5% (decreasing churn risk) | orders in the prior 90-day period: 0 (increasing churn risk)
C101746,0.7993,High,orders in the last 90 days: 0 (increasing churn risk) | avg order value: 30721.63 (increasing churn risk) | 160 days since last purchase (increasing churn risk) | age: 54.00 (increasing churn risk) | product category diversity: 10 (decreasing churn risk)
C101753,0.9475,High,460 days since last purchase (increasing churn risk) | customer tenure: 814.00 (increasing churn risk) | orders in the last 90 days: 0 (increasing churn risk) | orders in the prior 90-day period: 0 (increasing churn risk) | total historical order count: 2 (increasing churn risk)
C101758,0.9075,High,reliance on discounts: 36.1% (increasing churn risk) | orders in the last 90 days: 0 (increasing churn risk) | total historical order count: 2 (increasing churn risk) | total qty: 5.00 (increasing churn risk) | 113 days since last purchase (increasing churn risk)
C101780,0.8938,High,501 days since last purchase (increasing churn risk) | customer tenure: 970.00 (increasing churn risk) | orders in the last 90 days: 0 (increasing churn risk) | orders in the prior 90-day period: 0 (increasing churn risk) | total refund: 749.14 (decreasing churn risk)
C101783,0.8466,High,257 days since last purchase (increasing churn risk) | orders in the last 90 days: 0 (increasing churn risk) | total historical order count: 1 (increasing churn risk) | reliance on discounts: 21.8% (increasing churn risk) | customer tenure: 257.00 (decreasing churn risk)
C101803,0.6392,High,customer tenure: 1007.00 (increasing churn risk) | orders in the last 90 days: 1 (increasing churn risk) | orders in the prior 90-day period: 0 (increasing churn risk) | 70 days since last purchase (decreasing churn risk) | reliance on discounts: 32.1% (decreasing churn risk)
C101804,0.802,High,customer tenure: 196.00 (decreasing churn risk) | orders in the last 90 days: 0 (increasing churn risk) | total historical order count: 0 (increasing churn risk) | 196 days since last purchase (increasing churn risk) | orders in the prior 90-day period: 0 (increasing churn risk)
C101810,0.966,High,557 days since last purchase (increasing churn risk) | customer tenure: 854.00 (increasing churn risk) | orders in the last 90 days: 0 (increasing churn risk) | orders in the prior 90-day period: 0 (increasing churn risk) | total historical order count: 3 (increasing churn risk)
C101817,0.6658,High,orders in the last 90 days: 0 (increasing churn risk) | 91 days since last purchase (increasing churn risk) | average support satisfaction score: 5.00 (decreasing churn risk) | overall engagement score: 50.92 (decreasing churn risk) | orders in the prior 90-day period: 1 (increasing churn risk)
C101818,0.607,High,orders in the last 90 days: 0 (increasing churn risk) | total historical order count: 18 (decreasing churn risk) | reliance on discounts: 36.5% (increasing churn risk) | 177 days since last purchase (increasing churn risk) | orders in the prior 90-day period: 1 (increasing churn risk)
C101823,0.9684,High,402 days since last purchase (increasing churn risk) | customer tenure: 978.00 (increasing churn risk) | orders in the last 90 days: 0 (increasing churn risk) | orders in the prior 90-day period: 0 (increasing churn risk) | total historical spend: 151889.06 (increasing churn risk)
C101828,0.9398,High,customer tenure: 1187.00 (increasing churn risk) | orders in the last 90 days: 0 (increasing churn risk) | avg order value: 31676.18 (increasing churn risk) | 96 days since last purchase (increasing churn risk) | total historical spend: 221733.28 (decreasing churn risk)
C101831,0.9833,High,663 days since last purchase (increasing churn risk) | orders in the last 90 days: 0 (increasing churn risk) | customer tenure: 765.00 (increasing churn risk) | total historical order count: 1 (increasing churn risk) | orders in the prior 90-day period: 0 (increasing churn risk)
C101834,0.7375,High,orders in the last 90 days: 0 (increasing churn risk) | total historical order count: 27 (decreasing churn risk) | 209 days since last purchase (increasing churn risk) | orders in the prior 90-day period: 0 (increasing churn risk) | customer tenure: 661.00 (increasing churn risk)
C101845,0.8929,High,customer tenure: 803.00 (increasing churn risk) | orders in the last 90 days: 0 (increasing churn risk) | 201 days since last purchase (increasing churn risk) | orders in the prior 90-day period: 0 (increasing churn risk) | total historical order count: 6 (increasing churn risk)
C101856,0.9094,High,orders in the last 90 days: 0 (increasing churn risk) | 338 days since last purchase (increasing churn risk) | customer tenure: 751.00 (increasing churn risk) | orders in the prior 90-day period: 0 (increasing churn risk) | total historical order count: 7 (increasing churn risk)
C101864,0.8982,High,271 days since last purchase (increasing churn risk) | orders in the last 90 days: 0 (increasing churn risk) | customer tenure: 833.00 (increasing churn risk) | orders in the prior 90-day period: 0 (increasing churn risk) | std order value: 27995.80 (decreasing churn risk)
C101872,0.6295,High,customer tenure: 223.00 (decreasing churn risk) | avg order value: 34983.00 (increasing churn risk) | total qty: 14.00 (increasing churn risk) | product return rate: 25.0% (increasing churn risk) | total historical order count: 4 (increasing churn risk)
C101874,0.7275,High,orders in the last 90 days: 0 (increasing churn risk) | customer tenure: 251.00 (decreasing churn risk) | 219 days since last purchase (increasing churn risk) | orders in the prior 90-day period: 0 (increasing churn risk) | total historical order count: 2 (increasing churn risk)
C101884,0.984,High,823 days since last purchase (increasing churn risk) | customer tenure: 1092.00 (increasing churn risk) | orders in the last 90 days: 0 (increasing churn risk) | total historical order count: 1 (increasing churn risk) | avg order value: 2740.73 (decreasing churn risk)
C101887,0.8879,High,558 days since last purchase (increasing churn risk) | orders in the last 90 days: 0 (increasing churn risk) | customer tenure: 1159.00 (increasing churn risk) | total qty: 81.00 (decreasing churn risk) | orders in the prior 90-day period: 0 (increasing churn risk)
C101904,0.793,High,customer tenure: 1119.00 (increasing churn risk) | orders in the last 90 days: 1 (increasing churn risk) | 76 days since last purchase (decreasing churn risk) | overall engagement score: 42.10 (increasing churn risk) | orders in the prior 90-day period: 1 (increasing churn risk)
C101910,0.8897,High,customer tenure: 919.00 (increasing churn risk) | orders in the last 90 days: 0 (increasing churn risk) | 109 days since last purchase (increasing churn risk) | average support satisfaction score: 1.00 (increasing churn risk) | std order value: 28520.06 (decreasing churn risk)
C101929,0.9728,High,746 days since last purchase (increasing churn risk) | customer tenure: 1020.00 (increasing churn risk) | orders in the last 90 days: 0 (increasing churn risk) | orders in the prior 90-day period: 0 (increasing churn risk) | total historical order count: 4 (increasing churn risk)
C101962,0.6036,High,customer tenure: 56.00 (decreasing churn risk) | orders in the last 90 days: 1 (increasing churn risk) | total historical order count: 1 (increasing churn risk) | 45 days since last purchase (decreasing churn risk) | orders in the prior 90-day period: 0 (increasing churn risk)
C101967,0.9382,High,499 days since last purchase (increasing churn risk) | orders in the last 90 days: 0 (increasing churn risk) | customer tenure: 689.00 (increasing churn risk) | total historical order count: 3 (increasing churn risk) | orders in the prior 90-day period: 0 (increasing churn risk)
C101968,0.9301,High,692 days since last purchase (increasing churn risk) | customer tenure: 1061.00 (increasing churn risk) | orders in the last 90 days: 0 (increasing churn risk) | orders in the prior 90-day period: 0 (increasing churn risk) | total historical order count: 18 (decreasing churn risk)
C101980,0.9676,High,518 days since last purchase (increasing churn risk) | customer tenure: 1142.00 (increasing churn risk) | orders in the last 90 days: 0 (increasing churn risk) | total historical order count: 4 (increasing churn risk) | orders in the prior 90-day period: 0 (increasing churn risk)
C101989,0.9906,High,986 days since last purchase (increasing churn risk) | customer tenure: 1016.00 (increasing churn risk) | orders in the last 90 days: 0 (increasing churn risk) | total historical order count: 1 (increasing churn risk) | orders in the prior 90-day period: 0 (increasing churn risk)
C101991,0.7988,High,24 days since last purchase (decreasing churn risk) | orders in the last 90 days: 1 (increasing churn risk) | orders in the prior 90-day period: 0 (increasing churn risk) | avg order value: 37174.25 (increasing churn risk) | total historical order count: 4 (increasing churn risk)
C102011,0.9879,High,806 days since last purchase (increasing churn risk) | customer tenure: 1102.00 (increasing churn risk) | orders in the last 90 days: 0 (increasing churn risk) | total historical order count: 1 (increasing churn risk) | orders in the prior 90-day period: 0 (increasing churn risk)
C102018,0.9329,High,388 days since last purchase (increasing churn risk) | orders in the last 90 days: 0 (increasing churn risk) | customer tenure: 693.00 (increasing churn risk) | orders in the prior 90-day period: 0 (increasing churn risk) | product category diversity: 10 (decreasing churn risk)
C102035,0.8679,High,orders in the last 90 days: 0 (increasing churn risk) | reliance on discounts: 36.0% (increasing churn risk) | total historical order count: 6 (increasing churn risk) | customer tenure: 539.00 (increasing churn risk) | orders in the prior 90-day period: 1 (increasing churn risk)
